case,success_rate_percent,mean_acquisition_time_s,median_acquisition_time_s,p95_acquisition_time_s,mean_initial_error_urad,p95_initial_error_urad,mean_thermal_residual_urad,p95_thermal_residual_urad,mean_scan_index
no_correction,96.66666666666667,2.472844827586207,1.9000000000000001,6.800000000000001,94.00447901069998,179.1936506397503,80.69856285916906,153.15946416858182,23.728448275862068
static_bias,98.33333333333333,2.2644067796610168,1.7000000000000002,6.800000000000001,90.26170335864418,170.35605658816723,78.36251404743648,130.5219155771987,21.64406779661017
fourier_ff,98.33333333333333,1.0745762711864408,0.7000000000000001,3.1750000000000003,57.4981950955985,119.62254147676623,21.927336886063085,41.92629127129093,9.745762711864407
fourier_plus_drift,98.75,1.0814345991561183,0.7000000000000001,3.5199999999999987,59.08147846979151,119.59253531524291,24.381168352785025,46.536343223824,9.814345991561181
ff_plus_adaptive,97.5,0.9662393162393164,0.7000000000000001,2.4349999999999996,57.4236959413597,113.64849109255911,19.783494209999375,36.36127808728987,8.662393162393162
